<?xml version="1.0" encoding="UTF-8"?>
<beans xmlns="http://www.springframework.org/schema/beans"
	xmlns:xsi="http://www.w3.org/2001/XMLSchema-instance"
	xmlns:p="http://www.springframework.org/schema/p"
	xmlns:c="http://www.springframework.org/schema/c"
	xsi:schemaLocation="http://www.springframework.org/schema/beans http://www.springframework.org/schema/beans/spring-beans.xsd">

	<!-- Root Context: defines shared resources visible to all other web components -->
	<!-- <bean id="gugudan" class="com.spring.test.Gugudan" /> -->
	<!-- <bean id="gugudan" class="com.spring.test.InputGugudan" /> -->

	<bean id="dataSource"
		class="org.apache.commons.dbcp2.BasicDataSource"
		p:driverClassName="oracle.jdbc.driver.OracleDriver"
		p:url="jdbc:oracle:thin:@localhost:1521:XE" 
		p:username="IdH"
		p:password="IdH" 
		/>
		
	<bean id="dataSourceSpied"
		class="net.sf.log4jdbc.Log4jdbcProxyDataSource">
		<constructor-arg ref="dataSource" />
		<property name="logFormatter">
			<bean class="net.sf.log4jdbc.tools.Log4JdbcCustomFormatter">
				<property name="loggingType" value="MULTI_LINE" />
				<property name="sqlPrefix" value="SQL:::" />
			</bean>
		</property>
	</bean>	
		
	<bean id="sqlSessionFactory" class="org.mybatis.spring.SqlSessionFactoryBean"
		p:dataSource-ref="dataSourceSpied"
		p:configLocation="classpath:com/sbs/IdH/mybatis/config/sqlConfig.xml"
		p:mapperLocations="classpath:com/sbs/IdH/mybatis/mappers/*-Mapper.xml"
		/>
		
	<bean id="sqlSession" class="org.mybatis.spring.SqlSessionTemplate"
		c:sqlSessionFactory-ref="sqlSessionFactory"
		/>
		
	<bean id="transactionManager" class="org.springframework.jdbc.datasource.DataSourceTransactionManager"
	p:dataSource-ref="dataSourceSpied"/>
	
		
</beans>

