<?xml version="1.0" encoding="UTF-8"?>
<beans:beans xmlns="http://www.springframework.org/schema/mvc"
	xmlns:xsi="http://www.w3.org/2001/XMLSchema-instance"
	xmlns:beans="http://www.springframework.org/schema/beans"
	xmlns:context="http://www.springframework.org/schema/context"
	xmlns:p="http://www.springframework.org/schema/p"
	xsi:schemaLocation="http://www.springframework.org/schema/mvc https://www.springframework.org/schema/mvc/spring-mvc.xsd
		http://www.springframework.org/schema/beans https://www.springframework.org/schema/beans/spring-beans.xsd
		http://www.springframework.org/schema/context https://www.springframework.org/schema/context/spring-context.xsd">


	<!-- DispatcherServlet Context: defines this servlet's request-processing infrastructure -->
	<context:property-placeholder file-encoding="utf-8" 
				location="classpath:com/sbs/IdH/properties/uploadPath.properties"/>

	<!-- Enables the Spring MVC @Controller programming model -->
	<annotation-driven />

	<!-- Handles HTTP GET requests for /resources/** by efficiently serving up static resources in the ${webappRoot}/resources directory -->
	<resources mapping="/resources/**" location="/resources/" />
    <beans:bean id="multipartResolver"
			    class="org.springframework.web.multipart.commons.CommonsMultipartResolver"
				p:defaultEncoding="utf-8"
	/>	
	<!-- Bean named Resolver -->
	<beans:bean class="org.springframework.web.servlet.view.BeanNameViewResolver" 
			p:order="1"
	/>

	<!-- Resolves views selected for rendering by @Controllers to .jsp resources in the /WEB-INF/views directory -->
	<beans:bean class="org.springframework.web.servlet.view.InternalResourceViewResolver">
		<beans:property name="prefix" value="/WEB-INF/views/" />
		<beans:property name="suffix" value=".jsp" />
	</beans:bean>
	
	<context:component-scan base-package="com.sbs.IdH.controller" />
	<!-- Views -->
	<beans:bean id="downloadFile" class="com.sbs.IdH.views.FileDownloadView" />
	
</beans:beans>
