<?xml version="1.0" encoding="UTF-8"?>
<!DOCTYPE mapper
  PUBLIC "-//mybatis.org//DTD Mapper 3.0//EN"
  "https://mybatis.org/dtd/mybatis-3-mapper.dtd">

<mapper namespace="Business_attach-Mapper">
	
	<select id="selectAllBusiness_attachByBusiness_number" resultType="business_attach">
		select *
		from business_attach
		where business_number = #{business_number}
	</select>
	
	<select id="selectBusiness_attachByAno" resultType="int">
		select *
		from business_attach
		where ano = #{ano}
	</select>
	
	<update id="insertBusiness_attach">
		insert into
		from business_attach (ano, uploadpath, filename, filetype, regdate, business_number, business_attach_attacher)
		values (business_attach_seq.nextval, #{uploadPath}, #{fileName}, #{fileType}, sysdate, #{business_number}, #{business_attach_attacher})
	</update>
	
	<update id="deleteBusiness_attach">
		delete
		from business_attach
		where ano = #{ano}
	</update>
	
	<update id="deleteAllBusiness_attach">
		delete
		from business_attach
		where ano = #{ano}
	</update>
	
</mapper>
