<?xml version="1.0" encoding="UTF-8"?>
<!DOCTYPE mapper
  PUBLIC "-//mybatis.org//DTD Mapper 3.0//EN"
  "https://mybatis.org/dtd/mybatis-3-mapper.dtd">

<mapper namespace="Co_Attach-Mapper">
	<select id="selectAttachByCo_number" resultType="Co_attach">
		select * 
		from Co_attach 
		where Co_number = #{Co_number}
	</select>	
	
	<select id="selectCo_AttachByAno" resultType="Co_attach">
		select *
		from Co_attach
		where ano=#{ano}
	</select>
	
	<update id="insertCo_Attach">
		insert into 
		Co_attach (ano, uploadpath, filename, filetype, Co_number, Co_attach_attacher)
		values (Co_attach_seq.nextval, #{uploadPath}, #{fileName},#{fileType}, 
				#{Co_number},#{Co_attach_attacher} )
	</update>
	
	<update id="deleteCo_Attach">
		delete from Co_attach where ano = #{ano}
	</update>
	
	<update id="deleteAllCo_Attach">
		delete 
		from Co_attach 
		where ano = #{ano}
	</update>
</mapper>







