<?xml version="1.0" encoding="UTF-8"?>
<!DOCTYPE mapper
  PUBLIC "-//mybatis.org//DTD Mapper 3.0//EN"
  "https://mybatis.org/dtd/mybatis-3-mapper.dtd">

<mapper namespace="Member-Mapper">
	<sql id="search">
		<if test="searchType == 'i'.toString() ">
			and member_id like '%'||#{keyword}||'%'
		</if>
		<if test="searchType == 'n'.toString() ">
			and member_name like '%'||#{keyword}||'%'
		</if>
		<if test="searchType == 'p'.toString() ">
			and member_phone like '%'||#{keyword}||'%'
		</if>
		<if test="searchType == 'e'.toString() ">
			and member_mail like '%'||#{keyword}||'%'
		</if>
	</sql>
	
	<select id="selectSearchMemberList" resultType="member">
		select
		*
		from member
		where member_id is not null
		<include refid="search" />
		order by member_regdate desc
	</select>
	
	<select id="selectSearchMemberListCount" resultType="int">
		select count(*)
		from member
		where member_id is not null
		<include refid="search" />
	</select>
	<select id="selectMember" parameterType="str" resultType="member">
		select
		*
		from member
		where member_id=#{member_id}
	</select>
	<update id="insertMember" parameterType="member">
		insert into 
		member(member_id, member_pwd,member_name, member_mail, member_phone,
		member_regdate,member_status,member_rank, member_specialty)
		values(#{member_id},#{member_pwd},#{member_name},#{member_mail},#{member_phone},
		sysdate,#{member_status},#{member_rank},#{member_specialty})
	</update>
	
	<update id="updateMember" parameterType="member">
		update member 
		set 
		member_pwd=#{member_pwd},member_mail=#{member_mail},member_phone=#{member_phone},
		member_name=#{member_name},member_status=#{member_status},
		member_specialty=#{member_specialty},member_regdate=sysdate
		
		<if test="member_rank != null">
			,member_rank=#{member_rank}
		</if>
		
		where member_id=#{member_id}
	</update>
	
	<update id="deleteMember" parameterType="str" >
		delete 
		from member 
		where member_id=#{member_id}		
	</update>
	
</mapper>







