<?xml version="1.0" encoding="UTF-8"?>
<!DOCTYPE mapper
  PUBLIC "-//mybatis.org//DTD Mapper 3.0//EN"
  "https://mybatis.org/dtd/mybatis-3-mapper.dtd">

<mapper namespace="Notice-Mapper">
	
	<sql id="search">
		<if test="searchType == 't'.toString()">
			and notice_title like '%'||#{keyword}||'%'
		</if>
		<if test="searchType == 'w'.toString()">
			and notice_member_id like '%'||#{keyword}||'%'
		</if>
		<if test="searchType == 'c'.toString()">
			and notice_content like '%'||#{keyword}||'%'
		</if>
		<if test="searchType == 'tc'.toString()">
			and (
			notice_title like '%'||#{keyword}||'%'
			or
			notice_content like '%'||#{keyword}||'%'
			)
		</if>
		<if test="searchType == 'cw'.toString()">
			and (
			notice_member_id like '%'||#{keyword}||'%'
			or
			notice_content like '%'||#{keyword}||'%'
			)
		</if>
		<if test="searchType == 'tcw'.toString()">
			and (
			notice_title like '%'||#{keyword}||'%'
			or
			notice_member_id like '%'||#{keyword}||'%'
			or
			notice_content like '%'||#{keyword}||'%'
			)
		</if>
	</sql>
	
	<!-- <select id="selectSearchNoticeList" resultType="notice">
		select *
		from(
		    select rownum as rnum,SearchNoticeResult.*
		    from (
		    	select *
				from notice
				where notice_number is not null
				<include refid="search" />
				order by regDate desc
		    )  SearchNoticeResult
		    <![CDATA[
		    where rownum <= #{endRow}
		)
		where rnum > #{startRow}
		 ]]>
	</select> -->
	
	<select id="selectSearchNoticeList"	resultType="notice">
		select
		*
		from
		notice
		where notice_number is not null  			  	
		<include refid="search" />
		<!-- order by regDate desc -->
	</select>
	
	<select id="selectSearchNoticeListCount" resultType="int">
		select
		count(*)
		from notice
		where notice_number is not null
		<include refid="search" />
		<!-- order by regDate desc -->
	</select>
	
	<select id="selectNotice_number" parameterType="int" resultType="notice">
		select
		*
		from notice
		where notice_number = #{notice_number}
	</select>
	
	<select id="selectNoticeSequenceNextValue" resultType="int">
		select notice_seq.nextVal
		from dual
	</select>
	
	<update id="increaseViewCount" parameterType="int">
		update notice
		set notice_count = notice_count + 1
		where notice_number = #{notice_number}
	</update>
	
	<update id="insertNotice" parameterType="notice">
		insert into
		notice(notice_number, notice_title, notice_member_id, notice_content)
		values(#{notice_number}, #{notice_title}, #{notice_member_id}, #{notice_content})
	</update>
	
	<update id="updateNotice" parameterType="notice">
		update notice
		set 
		notice_title = #{notice_title}, notice_content = #{notice_content}
		where notice_number = #{notice_number}
	</update>
	
	<update id="deleteNotice" parameterType="int" >
		delete 
		from notice
		where notice_number = #{notice_number}
	</update>
	
</mapper>
