<?xml version="1.0" encoding="UTF-8"?>
<!DOCTYPE mapper
  PUBLIC "-//mybatis.org//DTD Mapper 3.0//EN"
  "https://mybatis.org/dtd/mybatis-3-mapper.dtd">

<mapper namespace="Product_Attach-Mapper">
	<select id="selectAttachByProduct_number" resultType="product_attach">
		select * 
		from product_attach 
		where product_number = #{product_number}
	</select>	
	
	<select id="selectProduct_AttachByAno" resultType="product_attach">
		select *
		from product_attach
		where ano=#{ano}
	</select>
	
	<update id="insertProduct_Attach">
		insert into 
		product_attach (ano, uploadpath, filename, filetype, product_number, product_attach_attacher)
		values (product_attach_seq.nextval, #{uploadPath}, #{fileName},#{fileType}, 
				#{product_number},#{product_attach_attacher} )
	</update>
	
	<update id="deleteProduct_Attach">
		delete from product_attach where ano = #{ano}
	</update>
	
	<update id="deleteAllProduct_Attach">
		delete 
		from product_attach 
		where ano = #{ano}
	</update>
</mapper>







