<?xml version="1.0" encoding="UTF-8"?>
<!DOCTYPE mapper
  PUBLIC "-//mybatis.org//DTD Mapper 3.0//EN"
  "https://mybatis.org/dtd/mybatis-3-mapper.dtd">

<mapper namespace="Schedule-Mapper">
	
	<sql id="search">
		
		<if test="member_id != null">
			and schedule_member_id =  #{member_id}
		</if>
		
		<if test="project_number != null and project_number != 0 ">
			and schedule_project_number =  #{project_number}
		</if>
		<if test="status != null and status != 0">
			and schedule_status = #{status}
		</if>
		<if test="type != null and type != 0">
			and schedule_type = #{type}
		</if>
	</sql>
	
	
	<select id="selectScheduleList"	resultType="schedule">
		select *
		from schedule
		where schedule_number is not null
		<include refid="search" />
		order by schedule_regdate desc
	</select>
	
	<select id="selectScheduleForProject"	resultType="schedule">
		select *
		from schedule
		where schedule_project_number = #{project_number}
	</select>
	
	
	<select id="selectSearchScheduleListCount" resultType="int">
		select count(*)
		from schedule
		where schedule_number	is not null
		<include refid="search" />
		order by schedule_regdate desc
	</select>
	
	<select id="selectSchedule"  resultType="schedule">
		select * 
		from schedule 
		where schedule_number=#{schedule_number}
	</select>
	
	<select id="selectScheduleSeqNext" resultType="int" flushCache="true">
		select schedule_seq.nextval from dual
	</select>
	
	
	
	
	<update id="insertSchedule" parameterType="schedule">
		insert 
		into 
		schedule(schedule_number,schedule_name,schedule_status,schedule_detail,schedule_member_id,schedule_project_number,schedule_type,schedule_regdate,schedule_startdate,schedule_enddate)
		values(#{schedule_number},#{schedule_name},#{schedule_status},#{schedule_detail},#{schedule_member_id},#{schedule_project_number},#{schedule_type},sysdate,#{schedule_startdate},#{schedule_enddate})
	</update>
	
	<update id="updateSchedulePlanForProjectStart" parameterType="schedule">
		update schedule 
		set schedule_project_number=#{schedule_project_number}
		where schedule_number=#{schedule_number}
	</update>
	
	<update id="updateSchedule" parameterType="schedule">
		update schedule 
		set schedule_enddate =#{schedule_enddate}, schedule_detail = #{schedule_detail}, schedule_name = #{schedule_name}
		where schedule_number=#{schedule_number}
	</update>
	
	<update id="updateScheduleForProjectEnd" parameterType="schedule">
		update schedule 
		set schedule_status=2
		where schedule_number=#{schedule_number}
	</update>
	
	
	<update id="deleteSchedule" parameterType="int">
		delete 
		from schedule 
		where schedule_number=#{schedule_number}
	</update>
	
	
</mapper>







