<?xml version="1.0" encoding="UTF-8"?>
<!DOCTYPE mapper
  PUBLIC "-//mybatis.org//DTD Mapper 3.0//EN"
  "https://mybatis.org/dtd/mybatis-3-mapper.dtd">

<mapper namespace="Unitwork-Mapper">
	
	<sql id="search">
		
		
		<if test="member_id != null">
			and unitwork_setter_id =  #{member_id}
		</if>
		
		<if test="project_number != null and project_number != 0 ">
			and unitwork_project_number =  #{project_number}
		</if>
		<if test="status != null and status != 0">
			and unitwork_status = #{status}
		</if>
		<if test="type != null and type != 0 ">
			and unitwork_level =  #{type}
		</if>
	</sql>
	
	
	<select id="selectUnitworkList"	resultType="unitwork">
		select *
		from unitwork
		where unitwork_number is not null
		<include refid="search" />
		order by unitwork_regdate desc
	</select>
	
	<select id="selectUnitworkForProject"	resultType="unitwork">
		select *
		from unitwork
		where unitwork_project_number = #{project_number}
	</select>
	
	
	
	
	<select id="selectSearchUnitworkListCount" resultType="int">
		select NVL(count(*), 0)
		from unitwork
		where unitwork_number	is not null
		<include refid="search" />
		order by unitwork_regdate desc
	</select>
	
	<select id="selectUnitwork"  resultType="unitwork">
		select * 
		from unitwork 
		where unitwork_number=#{unitwork_number}
	</select>
	
	<select id="selectUnitworkSeqNext" resultType="int">
		select unitwork_seq.nextval as unitwork_number from dual
	</select>
	
	<update id="insertUnitwork" parameterType="unitwork">
		insert 
		into 
		unitwork(unitwork_number,unitwork_name,unitwork_status,unitwork_level,unitwork_detail,unitwork_project_number,unitwork_setter_id,unitwork_getter_id,unitwork_regdate,unitwork_startdate,unitwork_enddate)
		values(#{unitwork_number},#{unitwork_name},#{unitwork_status},#{unitwork_level},#{unitwork_detail},#{unitwork_project_number},#{unitwork_setter_id},#{unitwork_getter_id},sysdate,#{unitwork_startdate},#{unitwork_enddate})
	</update>
	
	<update id="updateUnitwork" parameterType="unitwork">
		update unitwork 
		set unitwork_number=#{unitwork_project_number}, unitwork_name=#{unitwork_name}, unitwork_detail=#{unitwork_detail}, unitwork_level=#{unitwork_level}, unitwork_enddate =#{unitowork_enddate}
		where unitwork_number=#{unitwork_number}
	</update>
	
	
	<update id="updateUnitworkPlanForProjectStart" parameterType="unitwork">
		update unitwork 
		set unitwork_project_number=#{unitwork_project_number}
		where unitwork_number=#{unitwork_number}
	</update>
	
	<update id="updateUnitworkForProjectEnd" parameterType="unitwork">
		update unitwork 
		set unitwork_status=2
		where unitwork_number=#{unitwork_number}
	</update>
	
	
	<update id="deleteUnitwork" parameterType="int">
		delete 
		from unitwork 
		where unitwork_number=#{unitwork_number}
	</update>
	
	
	
	
	
</mapper>







