<!DOCTYPE configuration
  PUBLIC "-//mybatis.org//DTD Config 3.0//EN"
  "https://mybatis.org/dtd/mybatis-3-config.dtd">

<configuration>
	
	
	<typeAliases>
		<typeAlias type="java.lang.String" alias="str" />
		<typeAlias type="java.lang.Integer" alias="int" />
		<typeAlias type="com.sbs.IdH.dto.BudgetVO" alias="budget" />
		<typeAlias type="com.sbs.IdH.dto.WorkforceVO" alias="workforce" />
		<typeAlias type="com.sbs.IdH.dto.UnitworkVO" alias="unitwork" />
		<typeAlias type="com.sbs.IdH.dto.ScheduleVO" alias="schedule" />
		<typeAlias type="com.sbs.IdH.dto.ProjectVO" alias="project" />
		<typeAlias type="com.sbs.IdH.dto.MenuVO" alias="menu" />
		<typeAlias type="com.sbs.IdH.dto.RequireVO"  alias="require"/>
		<typeAlias type="com.sbs.IdH.dto.Project_authorityVO"  alias="project_authority"/>
		<typeAlias type="com.sbs.IdH.dto.MemberVO"  alias="member"/>
		<typeAlias type="com.sbs.IdH.dto.ProductVO" alias="product"/>
		<typeAlias type="com.sbs.IdH.dto.CompanyruleVO" alias="companyrule"/>
		<typeAlias type="com.sbs.IdH.dto.CoworkVO" alias="cowork"/>
		<typeAlias type="com.sbs.IdH.dto.Product_AttachVO" alias="product_attach"/>
		<typeAlias type="com.sbs.IdH.dto.Co_AttachVO" alias="co_attach"/>
		<typeAlias type="com.sbs.IdH.dto.BusinessVO" alias="business" />
		<typeAlias type="com.sbs.IdH.dto.BusinessgroupVO" alias="businessgroup" />
		<typeAlias type="com.sbs.IdH.dto.NoticeVO" alias="notice" />
		<typeAlias type="com.sbs.IdH.dto.Business_attachVO" alias="business_attach" />
	<typeAlias type="com.sbs.IdH.dto.IssueVO"  alias="issue"/>
		<typeAlias type="com.sbs.IdH.dto.MinutesVO"  alias="minutes"/>
		<typeAlias type="com.sbs.IdH.dto.Issue_AttachVO"  alias="issue_attach"/>
		<typeAlias type="com.sbs.IdH.dto.Require_attachVO"  alias="require_attach"/>
		<typeAlias type="com.sbs.IdH.dto.WorkreportVO"  alias="workreport"/>
		<typeAlias type="com.sbs.IdH.dto.Workreport_AttachVO"  alias="workreport_attach"/>
	</typeAliases>
	
	
	
</configuration>




